{
  "$schema": "https://json.schemastore.org/tsconfig",
  "display": "Default",
  "compilerOptions": {
    "composite": false,
    "declaration": false,
    "esModuleInterop": true,
    "forceConsistentCasingInFileNames": true,
    "inlineSources": true,
    "isolatedModules": true,
    "lib": [
      "esnext"
    ],
    "module": "NodeNext",
    "moduleResolution": "NodeNext",
    "noUnusedLocals": true,
    "noUnusedParameters": true,
    "outDir": "dist",
    "preserveWatchOutput": true,
    "resolveJsonModule": true,
    "skipLibCheck": true,
    "sourceMap": true,
    "strict": true,
    "target": "ESNext",
    "useDefineForClassFields": true
  },
  "exclude": ["node_modules"]
}
